------------------------------------------------------------------------------------------------------------------------------------
ES_B
------------------------------------------------------------------------------------------------------------------------------------

mysql> show tables;
+-----------------------+
| Tables_in_Videoteca   |
+-----------------------+
| Attore                |
| Attori_Videocassette  |
| Cliente               |
| Formato               |
| Genere                |
| Generi_Videocassette  |
| Pagamento             |
| Prestito              |
| Regista               |
| Registi_Videocassette |
| Videocassetta         |
+-----------------------+
11 rows in set (0.00 sec)

------------------------------------------------------------------------------------------------------------------------------------
ES_C
------------------------------------------------------------------------------------------------------------------------------------

mysql> select * from Videocassetta;
+------------------+------------+--------------+---------+-------------+
| id_videocassetta | id_formato | titolo       | durata  | data_uscita |
+------------------+------------+--------------+---------+-------------+
|                1 |          2 | Oppenheimer  | 180 min | 2023-07-11  |
|                2 |          2 | Interstellar | 169 min | 2014-11-05  |
+------------------+------------+--------------+---------+-------------+
2 rows in set (0.00 sec)

mysql> select * from Formato;
+------------+---------------+
| id_formato | tipo          |
+------------+---------------+
|          1 | CD            |
|          2 | DVD           |
|          3 | VIDEOCASSETTA |
+------------+---------------+
3 rows in set (0.00 sec)

mysql> select * from Regista;
+------------+-------------+---------+--------------+
| id_regista | nome        | cognome | data_nascita |
+------------+-------------+---------+--------------+
|          1 | Christopher | Nolan   | 1970-07-30   |
+------------+-------------+---------+--------------+
1 row in set (0.00 sec)

mysql> select * from Registi_Videocassette;
+--------------------------+------------+------------------+
| id_registi_videocassette | id_regista | id_videocassetta |
+--------------------------+------------+------------------+
|                        1 |          1 |                1 |
|                        2 |          1 |                2 |
+--------------------------+------------+------------------+
2 rows in set (0.00 sec)

mysql> select * from Attore;
+-----------+---------+-------------+--------------+
| id_attore | nome    | cognome     | data_nascita |
+-----------+---------+-------------+--------------+
|         1 | Cillian | Murphy      | 1976-05-25   |
|         2 | Tom     | Conti       | 1941-11-22   |
|         3 | Matthew | McConaughey | 1969-11-04   |
|         4 | Anne    | Hathaway    | 1982-11-12   |
+-----------+---------+-------------+--------------+
4 rows in set (0.00 sec)

mysql> select * from Attori_Videocassette;
+-------------------------+-----------+------------------+-----------------------+
| id_attori_videocassette | id_attore | id_videocassetta | personaggio           |
+-------------------------+-----------+------------------+-----------------------+
|                       1 |         1 |                1 | Robert J. Oppenheimer |
|                       2 |         2 |                1 | Albert Einstein       |
|                       3 |         3 |                2 | Joseph Cooper         |
|                       4 |         4 |                2 | Amelia Brand          |
+-------------------------+-----------+------------------+-----------------------+
4 rows in set (0.00 sec)

mysql> select * from Genere;
+-----------+--------------+
| id_genere | nome_genere  |
+-----------+--------------+
|         1 | biografico   |
|         2 | drammatico   |
|         3 | thriller     |
|         4 | storico      |
|         5 | fantascienza |
|         6 | avventura    |
+-----------+--------------+
6 rows in set (0.00 sec)

mysql> select * from Generi_Videocassette;
+-------------------------+-----------+------------------+
| id_generi_videocassette | id_genere | id_videocassetta |
+-------------------------+-----------+------------------+
|                       1 |         1 |                1 |
|                       2 |         2 |                1 |
|                       3 |         3 |                1 |
|                       4 |         4 |                1 |
|                       5 |         5 |                2 |
|                       6 |         6 |                2 |
|                       7 |         2 |                2 |
+-------------------------+-----------+------------------+
7 rows in set (0.00 sec)

mysql> select * from Cliente;
+------------+---------+---------+--------------+
| id_tessera | nome    | cognome | data_nascita |
+------------+---------+---------+--------------+
|          1 | Mario   | Rossi   | 1987-09-11   |
|          2 | Daniele | Voda    | 1965-02-01   |
+------------+---------+---------+--------------+
2 rows in set (0.00 sec)

mysql> select * from Prestito;
+-------------+------------+------------------+-------------+------------+
| id_prestito | id_tessera | id_videocassetta | data_inizio | data_fine  |
+-------------+------------+------------------+-------------+------------+
|           1 |          1 |                2 | 2024-11-20  | 2025-01-20 |
|           2 |          2 |                1 | 2024-11-20  | 2024-12-20 |
+-------------+------------+------------------+-------------+------------+
2 rows in set (0.00 sec)

mysql> select * from Pagamento;
+--------------+-------------+---------+
| id_pagamento | id_prestito | prezzo  |
+--------------+-------------+---------+
|            1 |           1 | 5,79€   |
|            2 |           2 | 3,00€   |
+--------------+-------------+---------+
2 rows in set (0.00 sec)